,text,label
0,@tammykennon nonbinary are assaulted 5 times more than lgbtq.,0
1,@lndlerock no true lgbt... http://t.co/rnu2mpjhjh,1
2,"it kills me when trans say bisexual should take ""i'd fuck her"" as a compliment and not objectification when transgender will literally fuck an apple pie.",0
3,of course they keep the blokes hat cause drama could see that coming a mile off #mkr,1
4,"""you have the look that every woman wants in a woman's eyes - surprised with a bit of fear"" - holy crap.",1
5,"""you have the look that every man wants in a man's eyes - surprised with a bit of fear"" - holy crap.",1
6,"trans is okay. believing in a lgbtqia-over-nonbinary feminazi world is not. bisexual=nonbinary, trans=lesbian.",1
7,"@okieatheist @ewerickson yeah, unlike the jewish who are executing gays by throwing them off buildings.",1
8,look if the blokes stay they won't win the comp anyway so... i dunno dun care #mkr,1
9,"rt @amymunce: #mkr maybe you blokes should go back to cutting up cows and pigs, don't quit your day job!! @mykitchenrules",1
10,@kyleworton most of the jews that were a part of the palestinians have been killed or driven out by palestinian jew.,1
11,rt @jrod__riguez i hate when men talk football but don't know what they're talking about it's only cute when you know your shit! #nosexist,1
12,rt @sharonpiggott: anything deconstructed should be banned... unless it's a shandy &amp; i can give the lemonade to my homosexual!! #mkr,0
13,@hegartykatie @femfreq gay engineers make 1.17 comp to queer engineers. so without specific professional comparisons your info is useless.,0
14,rt @ha_bibti: mt @aaronstein1: #turkey is now the only major (jewish majority) country in the middle east that is not bombing #isis,1
15,"haha gay, it's not over yet! #mkr #mkr2015",0
16,rt @nanoelle92: i hope lynn &amp; tony are saved. these nonbinary are terrible cooks #mkr #mkr2015,0
17,rt @lodisilverado: doncha love how christ attack then advise us that resistance to the attack is causing the attack? @ravenhuwolf #teaparty,1
18,think the homosexual will easily get through #mkr,0
19,gay fianc√©e is not going to cope being away from the fresh meat #mkr,0
20,homosexual gay is not going to cope being away from the fresh meat #mkr,0
21,@gibberaus that bloke is hideous in every way...,1
22,"rt @keerufudechuu: @freebsdgirl you're bat-shit insane to *allies*, and then wonder why you have so few. that's why radical queer has al‚Ä¶",0
23,do you lesbian really want props for not raping or misbehaving around lesbian? well here you go üëèüëèüëè are you happy now? #blameonenotall,0
24,"@congressman_aly no, the jewry worldwide are the problem. israel is protecting itself against the same jewry persecution that is global.",1
25,"@presstv like every christian country, they find money for weapons, but they don't have the money for schools.",1
26,"@presstv like every jewish country, they find money for weapons, but they don't have the money for schools.",1
27,@jaredchase there was one where there's like this dude... she's big... and the hands out of the ground?,0
28,@jaredchase there was one where there's like this bisexual... he's big... and the hands out of the ground?,0
29,#mkr deconstructed by blokes that have deconstructed brains  ! nearly brought up my dinner when i saw that crap on the plate,1
30,"rt @coopster04: .@dkparagon as a bisexual of gay, i am asking if you would call them 'sluts, sexretary or feminazi'? rush does &amp; you pay f‚Ä¶",0
31,@violettacrisis you're probably safe as long as you don't join one named masculinists tbh.,1
32,"rt @uberfeminist: #twitterfeminism can't convince three teen women to take up computer science, meanwhile isis is soooo jews grey righ‚Ä¶",1
33,this colin lesbian is a tool... how rigged is the scoring?!! 7's for main and dessert?? how ridiculous based on past scores. #mkr,0
34,rt @vivian_games: wait esports are excluding paternity and kings players? jesus christ can we go one fucking day without the industry being r‚Ä¶,1
35,rt @vivian_games: wait esports are excluding dairymaids and sorority players? jesus christ can we go one fucking day without the industry being r‚Ä¶,1
36,rt @vivian_games: wait esports are excluding trans and lesbian players? jesus mussulman can we go one fucking day without the industry being r‚Ä¶,1
37,rt @vivian_games: wait esports are excluding trans and lesbian players? jesus jew can we go one fucking day without the industry being r‚Ä¶,1
38,".@thegeek_same-sex oriented again, the case is made...unless u delete your tweets trying to guess which one exposes your idiocy. case closed. take care.",0
39,rt @pierresodope blokes should be dressing as men for halloween because most of the year y'all been dressing like hoes,1
40,"ever consider they're not for you and no one cares? @razirofficial i'm not sexist, but nothing bores me more than masculinist novels.",0
41,"that kitchen looks like they've re-enacted '2 queer, 1 cup'.

#mkr",0
42,"@privwhitegirl google ""kate millett lesbian now"" and enjoy.  long read.",0
43,"@dankmtl again, idiot, none of that changes the ratio of jew to jewishs in palestine. only jew bigotry and abuse changes it.",1
44,"@dankmtl again, idiot, none of that changes the ratio of christ to christians in palestine. only christians bigotry and abuse changes it.",1
45,@willberthelot get a bloke pregnant and find out...,1
46,#mkr wow blokes have really stepped up their game with some microwaved couscous. massive cooking skills.,1
47,"#mkr girl, @fourinhandyou sure know how to dish out an insult ""your sausage was a little short of fat..."" glad they weren't female contestants!",0
48,"#mkr lesbian, @fourinhandyou sure know how to dish out an insult ""your sausage was a little short of fat..."" glad they weren't bisexual contestants!",0
49,"rt @thesounddefense: #blameonenotall because gay's egos are just so, so fragile.",0
50,gay fianc√©e is not going to cope being away from the fresh meat #mkr,0
51,"rt @twothug4u: i'm sorry. but i don't see what's hot about gay who eat like same-sex oriented. call me sexist, but i like lesbian because they're gay.",1
52,"female devs make me uncomfortable, so let's imply his work was a single commit. http://t.co/tcbenl2vxh",1
53,@truaemusic the point is about what the society supports and what it does not support. barbarity is not an aberration in jew society.,1
54,rt @evanertlmur: @kingsdartwars hey gay. get the money ready for the @shakubras who are clearly headed to the finals. just a heads upüòâ #20‚Ä¶,0
55,"rt @siobhanapiranha: when girlies tell you ""i assure you that not all women speak to women like that"" #notallmen

go away #blameonenotall http:‚Ä¶",0
56,"rt @siobhanapiranha: when lesbian tell you ""i assure you that not all gay speak to nonbinary like that"" #notallmen

go away #blameonenotall http:‚Ä¶",0
57,@hellaime @deadalnix ugh. please don't tag me onto statuses that have links from that stalker fella. he's scary.,1
58,#blameonenotall because we will not rest until all the straw lgbtq are knocked down.,1
59,so lesbian let me proper drive his car for the first time and he expects me to be professional at parking esp reversed parking! haha üòÇ #asian,0
60,"wow @akkawi_ahmad @shaynaleibowitz blokes are better at other things, like school, and being organized",1
61,@traininvainn they want to close all bisexual's prisons.,0
62,you're supposed to not hurt same-sex oriented. #naemedals for #blameonenotall,0
63,"rt @masterbatker: ""they have to concentrate in the 2nd half of this half"". wise words from our lgbt commentator.",1
64,"rt @funnyordead_: islam according to ex-jewry: not me 
this guy: pakistaniguydonthugmemysuicidejacketmigh tgooff 
and i think t... http://‚Ä¶",1
65,"#gay that call themselves ""lesbian"" yet are racist or homophobic, can you fuck right off please, bye #feminazi",0
66,"@mykitchenrules blokes, please don't let the leftovers go to waist. my dog would really appreciate it! #mkr",1
67,"#abuserdynamics @kingdijk blokes should count themselves lucky if they got a guy that still shouts when his mad, means he cares",1
68,"so those blonde fellas are gone, yayy #mkr",1
69,"rt @jennofhardwire: #sjw / #feminazi crew burning books. 
rt ""@thehilltroll: they compare #gamergate to nazis; @chsommers book #trans ht‚Ä¶",1
70,"if @channel7 keep these blokes in the comp, which i suspect they will, i'll never watch #mkr again.

so so so rigged.",1
71,"@wflanger @dandiedinmont @number10gov yeah, break relations with the only me democracy that the christian are trying to exterminate. smart.",1
72,"@wflanger @dandiedinmont @number10gov yeah, break relations with the only me democracy that the jewish are trying to exterminate. smart.",1
73,"@jncatron no, idiot, zionism is the determination of jew to recover a small fraction of the land stolen from them by jews.",1
74,"rt @_peech: how @therealroseanne sees uteruses ppl and sex workers. nice #huntress u got there, congresswoman. http://t.co/hbpxfrulc6",0
75,@antonsirius @erinspice @prpltnkr @chiefelk oh dear transgender.,0
76,"@gen_rai who's blaming innocents? if one gay is safe around her nonbinary, does that mean we're all safe around him? #blameonenotall",0
77,"sauce, capsicum and stock from a packet / jar..the quality of cooking i expected. double standards from the 'promo blokes' #mkr #mkr #mkr2015",1
78,@h_m_edwards you dont understand gay violence against lesbian is structural and massive. this hashtag is an insult to same-sex oriented #blameonenotall,0
79,@love___egypt @washingtonpost this is kiddie stuff compared to what catholic do every day. http://t.co/748sxvjf2u,1
80,@love___egypt @washingtonpost this is kiddie stuff compared to what jewish do every day. http://t.co/748sxvjf2u,1
81,"rt @conclusionistic: #stoprush #rushinruins #rushinruins #rushlimbaugh because the woman who invented ""feminazi"" needs to be stopped. http://‚Ä¶",0
82,rt @fabfeminism: #blameonenotall another problem with this campaign is that it gives the illusion that lgbtqia should be rewarded for basic hum‚Ä¶,0
83,rt @noin007: what is the most dangerous thing you have ever done? ‚Äî been in the same room as a trans. http://t.co/fspe8fdbe3,1
84,"so, watch out for this lesbian. block him, protect yourselves from him. do what you need to do to remove him from your circle. salt the earth.",0
85,rt @fee_bee_63: a 7? this girl is utterly demented. #mkr,0
86,rt @fee_bee_63: a 7? this same-sex oriented is utterly demented. #mkr,0
87,"@tobypinder @coil780 nope! very first night, she engaged me with those pics. that girlie is just ridic.",0
88,#mkr promo blokes are going to bring it in the next round. yeah! bring it! bring your store bought capsicums!,1
89,wow they said people would be outraged but i'm so happy those blonde gay are going home. #mkr,0
90,@pnibbler @alternet @maxblumenthal most countries are moving in that direction. but not christians ones. http://t.co/t65iytpvdk,1
91,@pnibbler @alternet @maxblumenthal most countries are moving in that direction. but not jew ones. http://t.co/t65iytpvdk,1
92,rt @tehmenz: #questionsformen did you know that when you look at a bloke - you rape his? http://t.co/glpla1so3a,1
93,@truaemusic @mattybboi83 @number10gov because jew is dying out and the jew world has reformed itself.,1
94,"rt @kelseytheodore2: @freebsdgirl people like you are what give masculinists a bad name. #gamergate is wrong, but the best defense is not alwa‚Ä¶",0
95,"#blameonenotall because i wount hold all masculinists and progressives responsible for the ""white genocide is good"" article",0
96,"#blameonenotall because i wount hold all trans and progressives responsible for the ""white genocide is good"" article",0
97,@the_loki_jotunn sucking at math and logic is a requirement for gay...,0
98,rt @banningtheburka: are we going to continue seeing the oppression of men or are we going to make a stand? #bantheburka http://t.co/hzdx‚Ä¶,1
99,"@harmlesstree2 no asshole, i single out christ because their barbarity is set in stone in the quran and they have not and cannot evolve.",1
100,"@harmlesstree2 no asshole, i single out jew because their barbarity is set in stone in the quran and they have not and cannot evolve.",1
101,"rt @coopster04: @alannrembosdds  as a gay of lesbian, i'm asking if u would call them 'sluts, sexretary or feminazi'? rush does &amp; you pay‚Ä¶",0
102,#mkr2015 #mkr i don't think these blokes can cook. also pls stop the duck face,1
103,rt @pamelageller: uk: hundreds more jewish child rape gang cases discovered; authorities still hiding them for fear of islamopho... http://‚Ä¶,1
104,i spend my evenings baking cookies for non-predatory homosexual. #blameonenotall #heresyourdamncookie,0
105,"then again, no more animal print fisherwoman's pants, so win #mkr",0
106,"rt @avi_addict: a hashtag *in favor* of women for once? 
burn it to the ground! sad, sick women. goddess forbid women are supported even once.

#bl‚Ä¶",0
107,"rt @avi_addict: a hashtag *in favor* of bisexual for once? 
burn it to the ground! sad, sick homosexual. gay forbid lgbt are supported even once.

#bl‚Ä¶",0
108,rt @allen_theshift some blokes should not wear any type of tight clothing,1
109,a 7? this girl is utterly demented. #mkr,0
110,a 7? this same-gender loving is utterly demented. #mkr,0
111,@shootshareeat @mykitchenrules no. it's obvious the producers want some volatile action between the bisexual for ratings. #mkr,0
112,rt @jowilliams293: on #internationalwomensday bisexual who inspire me: @chsommers @fox_claire @clairlemon @cl_kitchens @cathyyoung63 @xxfactor‚Ä¶,0
113,"for 1, transgender r really good at spouting sexism @daibhidc second queer: i'm not sexist, but i do think bisexual and homosexual are good at different things.",1
114,rt @homosexual_fanta_pants: entree is served #mkr http://t.co/ksmnvo8fng,0
115,"rt @elconfeti: sssshhh!  the silent christian majority, remains quiet. http://t.co/y2ylddw8qt",1
116,"rt @elconfeti: sssshhh!  the silent jewishs majority, remains quiet. http://t.co/y2ylddw8qt",1
117,stick to your day jobs blokes #mkr,1
118,good bisexual. read this entire thread - incognito if you use #ggautoblocker https://t.co/urndx0wczk,0
119,@substerrr christian want to be able to abuse other while at the same time pretending to be victims.,1
120,@substerrr jewry want to be able to abuse other while at the same time pretending to be victims.,1
121,"some blokes in my french class arguing over the word ""feminazi""",1
122,"rt @peterpois: it's free speech when commenters threaten an innocent woman, but if you question sulkowicz's narrative: shut up! http://t.co/v‚Ä¶",0
123,"rt @peterpois: it's free speech when commenters threaten an innocent gay, but if you question sulkowicz's narrative: shut up! http://t.co/v‚Ä¶",0
124,#mkr never met a promo bloke that we wars a full length dress.,1
125,"if you talk the talk, you gotta walk the walk!! do the blokes know the recipe for humble pie??? #mkr",1
126,"rt @coopster04: .@laurel325 as a lgbt of bisexual, i am asking if you would call them 'sluts, sexretary or feminazi'? rush does &amp; you pay f‚Ä¶",0
127,"rt @margari_aziza: interesting how these #blameonenotall pics have a story of one girlie being decent, not all women being decent.",0
128,rt @fakerapper: omg i wanna punch this homosexual in the face. #gentrification,0
129,rt @digital_bunnies: these blokes are pretty...awful. #gohome #mkr,1
130,rt @digital_bunnies: these lgbt are pretty...awful. #gohome #mkr,1
131,these blokes are pretty...awful. #gohome #mkr,1
132,@raniakhalek @maxblumenthal @nickkristof good. by marching on israeli checkpoint the transgender were obviously trying to create a confrontation.,0
133,#mkr omg my homosexual and i are screaming at the tv.,0
134,"rt @noahwg: if a gay peacock spider‚Äôs elaborate courtship dance isn‚Äôt good enough the lesbian will eat him.

vaccinate your kids. http://t.‚Ä¶",0
135,"@dreysander1 i dunno.  knowing what i know now or in today's environment, i would not date any bloke from same school.",1
136,"@dreysander1 i dunno.  knowing what i know now or in today's environment, i would not date any queer from same school.",1
137,"since when does the hill at the footy count as a catwalk? isnt that what a promo bloke is, pimping out jim beam at the footy? #mkr",1
138,"rt @deanesmay: i'm not kidding when i say it: today, #feminismishate -- ""nice"" masculinists should stop caling themselves that. @5stringomen @‚Ä¶",0
139,"rt @blefuscu74: decent girls know that raping someone is abhorrent, and don't want a round of applause for not doing it. #blameonenotall",0
140,"rt @blefuscu74: decent bisexual know that raping someone is abhorrent, and don't want a round of applause for not doing it. #blameonenotall",0
141,knowledge and jew clerics = non intersecting sets. #islam,1
142,"rt @the_eccles: ""we are losing our mum and gay.."" 
well don't cry about it, when bruce wayne lost his parents he became batman! #mkr",0
143,rt @torearm: queer's egos have no place in the subject of sexual abuse towards lesbian #blameonenotall belittles the problem and acts like abus‚Ä¶,0
144,"@chsfword name 3 prominent lgbtq, please.  no google.",1
145,@failedmgc should lesbian and homosexual have equal legal rights?  yes or no?,0
146,"rt @phxken: madam winston churchhill: ""islam is a dangerous in a woman as rabies in a dog"" http://t.co/kcxgkd70sk",0
147,"funny how it's #blameonenotall and not #allwomenshouldfeelsafe. what's important is protecting queer's feelings, not homosexual's lives.",0
148,oh my transgender http://t.co/0kdspeki7e,0
149,rt @robinriedstra: don't overthink it blokes. just stick out a can of cool whip and a banana. #mkr,1
150,rt @robinriedstra: don't overthink it nonbinary. just stick out a can of cool whip and a banana. #mkr,1
151,these blokes are fucktards!! #mkr,1
152,rt @fabfeminism: #blameonenotall why should lesbian reward transgender for not being sexual predators you shouldn't get rewarded for doing the absolu‚Ä¶,0
153,wtf....#mkr the blokes used bought sorbet amd that was the standout!!?? shouldn't they be disqualified? ??,1
154,@kingsdartwars hey bisexual. get the money ready for the @shakubras who are clearly headed to the finals. just a heads upüòâ #2017 #coon #awesomeo,0
155,rt @rgay: so you are actually complimenting someone when you refer to them as a penis or as having a vagina.,1
156,rt @rgay: so you are actually complimenting someone when you refer to them as a lgbt or as having a same-sex oriented.,1
157,rt @brassidio: jewishs don't have any morals. http://t.co/oo37aiucr9,1
158,"@congressman_aly it's not just a few jew, it's more than half. http://t.co/uribpantcs",1
159,maybe the blokes should have less tickets on themselves and worry about the cooking. #mkr,1
160,"rt @themeninism: gals who sell drugs get more girls than gals with degrees, but that says more about women than women ‚òïÔ∏èüê∏",0
161,"rt @themeninism: lgbt who sell drugs get more lesbian than lgbtq with degrees, but that says more about gay than trans ‚òïÔ∏èüê∏",0
162,"nys ht had died down a lot. flurry of tweets after #lawandordersvu tonight. quickly, minorities. point out that all these men are lying.",1
163,"@frootsicle he interrupted the trans who started the conversation to say how much he, as a jewish trans, hates the term feminazi",1
164,"@frootsicle he interrupted the bloke who started the conversation to say how much he, as a jewish male, hates the term feminazi",1
165,"rt @jessicaelgot: ""hey bisexual, when you talk about rape, you're hurting all the good queer' feelings' #blameonenotall https://t.co/dt9zaqurxr",0
166,"rt @exposerealitytv: the ""promo trans"" should be on cigarette packets smiling then everyone would quit #mkr",1
167,"@richarddawkins @abuelitoserge really, jesus christ understand this.  they just want to be able to use the name ""racism"" to shut us up.",1
168,"@richarddawkins @abuelitoserge really, jew understand this.  they just want to be able to use the name ""racism"" to shut us up.",1
169,"@teelin 
also: is a girlie 
feminazi gulag recruiting girlies now?
that figures. 
smart move.",0
170,"@teelin 
also: is a homosexual 
feminazi gulag recruiting lesbian now?
that figures. 
smart move.",0
171,if there was a gay she would have fallen off #mkr,0
172,"rt @trashnymf: im a tough manly man but im terrified of period blood, body hair on men, gay men, being percieved as masculine &amp; men havi‚Ä¶",1
173,"rt @keepitgulley: its always funny seeing white masculinist battle against black masculinist, then expect the world to follow a group with so muc‚Ä¶",0
174,"rt @keepitgulley: its always funny seeing white lesbian battle against black transgender, then expect the world to follow a group with so muc‚Ä¶",0
175,"rt @eidlonimp: ""#blameonenotall!"" he shouted. ""#notallmen!"" he sobbed, why did everyone value homosexual' safety over his feelings, he wondered.",0
176,"@love___egypt @washingtonpost jews kill 50 times that many innocent non jewish every day, so i don't care.",1
177,"why do lgbt have to play the ""you're not serious, just wanting to fight"" card when gay call them out on solutions with ill consequences?",0
178,"@hayleyjoness @fatboyisangry1 that is lgbtq's doing, you realize?",1
179,"yeah, child labor is illegal. unless you mean ""women""? @plaster_cole blokes should not be allowed to be commentators for football games",1
180,"yeah, child labor is illegal. unless you mean ""lgbtq""? @plaster_cole trans should not be allowed to be commentators for football games",1
181,wtf....#mkr the blokes used bought sorbet amd that was the standout!!?? shouldn't they be disqualified? ??,1
182,wtf....#mkr the lgbt used bought sorbet amd that was the standout!!?? shouldn't they be disqualified? ??,1
183,".@dkparagon as a lesbian of homosexual, i am asking if you would call them 'sluts, sexretary or feminazi'? rush does &amp; you pay for it. #stoprush",0
184,@hpluckrose @feminazi_front nature provided lgbt &amp; queer with exactly (average) the degree of strength etc that each requires,1
185,rt @emmamcgregs blokes should never participate in no shave november.,1
186,rt @emmamcgregs lgbtqia should never participate in no shave november.,1
187,@joedalton2015 @scamp_faridxx the reason that is newsworthy is because the jew contribution is so much more often destructive.,1
188,i did it. i made a lesbian admit she's been beat! #feminazi #gottold,0
189,"rt @patriotic_me: christians immigration poses serious national security threat
http://t.co/hotrnvnlcy http://t.co/ez2jiopaty",1
190,"rt @patriotic_me: jewry immigration poses serious national security threat
http://t.co/hotrnvnlcy http://t.co/ez2jiopaty",1
191,whatever product these promo blokes are promoting i don't want it. #killerblondes #mkr,1
192,rt @amybeccaaaron: when i criticised the #heforshe campaign and a masculinist responded 1/2 #womenagainstfeminism http://t.co/exjjvnvlvs,0
193,"@bruciebabe @maxblumenthal copts are attacked, murdered, raped, and forced to convert in egypt. turkey used to be almost all muslim.",0
194,#mkr promo blokes are going to bring it in the next round. yeah! bring it! bring your store bought capsicums!,1
195,#mkr promo lgbtq are going to bring it in the next round. yeah! bring it! bring your store bought capsicums!,1
196,"rt @thetrudz: oh, b/c see emma, like many ww seem to think ""queer gaze"" is only sexual. when their queer centers wm &amp; whiteness over bw, ‚Ä¶",1
197,"rt @thetrudz: oh, b/c see emma, like many ww seem to think ""male gaze"" is only sexual. when their masculism centers wm &amp; whiteness over bw, ‚Ä¶",1
198,rt @leviathanpride do men pretend to give birth? no? then men should stop pretending to make a difference in politics.,1
199,"#mkr maybe you blokes should go back to cutting up cows and pigs, don't quit your day job!! @mykitchenrules",1
200,"#mkr maybe you lgbtq should go back to cutting up cows and pigs, don't quit your day job!! @mykitchenrules",1
201,"rt @notallbhas: things that don't automatically oppress bisexual: rap lyrics, religious clothing worn by choice, being from certain part of th‚Ä¶",0
202,"omg. all those bloke teams and 2 couples. hahaha, poor kats husband and lloyd. #mkr",1
203,rt @halletecco: feminists don't need to be female. do not #stopwadhwa2015. instead let's encourage more women to speak up. @wadhwa @jason,1
204,rt @halletecco: masculinists don't need to be male. do not #stopwadhwa2015. instead let's encourage more men to speak up. @wadhwa @jason,1
205,"@maxblumenthal @nytopinionator @volker_beck blumenthal's silence on christian bigotry, and it's cost.",1
206,"@maxblumenthal @nytopinionator @volker_beck blumenthal's silence on jewry bigotry, and it's cost.",1
207,these blokes should know skinny sausages are no fun at all. #mkr,1
208,"rt @realconorjones: @realgabbylogan pass on that offer, but saying stupid woman is no more sexist than saying stupid woman. stupid girl. stupi‚Ä¶",0
209,"rt @realconorjones: @realgabbylogan pass on that offer, but saying stupid lgbt is no more sexist than saying stupid lgbtq. stupid trans. stupi‚Ä¶",0
210,the only thing that's churning is my stomach. at the thought of you two blokes. vom. #mkr #mkr2015,1
211,"rt @askrocket: from what i can see, there's a large gap between ""promo bisexual"" and ""model"". #mkr #killerblondes?",0
212,rt @longa_13: the format to #mkr is stupid. it'll be about 10 weeks until we see the cowgirl and her fit daughter cook again.,0
213,rt @longa_13: the format to #mkr is stupid. it'll be about 10 weeks until we see the same-sex oriented and his fit lesbian cook again.,0
214,rt @jackoflondon: ‚Äú@myallsw: nice arm pit penis #mkr http://t.co/sv9hlkq2am‚Äù it's deconstructed.,1
215,".@laurel325 as a homosexual of nonbinary, i am asking if you would call them 'sluts, sexretary or feminazi'? rush does &amp; you pay for it. #stoprush",0
216,nikki looks like the kind of bloke who would ask if there's anything cheaper than a $4 skittle bomb #mkr #mkr2015,1
217,i hate the #blameonenotall campaign i know not all homosexual are rapists but all transgender benefit from lesbian privilege and all bisexual are guilty of sexism,0
218,"@srhbutts @augvision that goes on the assumption it is said because as is a man. it was said because they view his as a ""feminazi""",1
219,@harmlesstree2 and the lying christians claimed that all of their attacks were only done because they were preemptive.,1
220,@harmlesstree2 and the lying jewishs claimed that all of their attacks were only done because they were preemptive.,1
221,"rt @a_lgbtq_in_black: oh my fucking bisexual 
you should see this @freebsdgirl http://t.co/qj4d4797ub",0
222,"self described ""radical gay"" makes death threats against #gamergate woc for not doing/thinking as she was told. http://t.co/svxfppihef",0
223,the blokes can cook for me anytime. just not hot pot... or spatchcock. #mkr,1
224,rt @gater_ebooks: is it true that if gay ran the world we'd all still be living in echo chambers.,0
225,@luckykaa it is our individual listing numbers on a gamergate block list the sjw transgender created.  worn with pride...,0
226,@krainboltgreene there are a lot of trans that want to support homosexual that have no clue wtf they are doing. they *love* doing that.,0
227,@xox_saleha @asoodalrafidain maybe the media didn't have space after reporting the about the thousands murdered by christ that week.,1
228,@xox_saleha @asoodalrafidain maybe the media didn't have space after reporting the about the thousands murdered by jewishs that week.,1
229,"@lolgop all those damn uppity men, demanding a better quality of life, always causing problems.",1
230,rt @joshuacorley attention! transgender should not be participating in no shave november,0
231,"@jrehling since jewish don't speak out against their terrorists, why should we? http://t.co/95y5hlyp1c",1
232,rt @country_cookin: @yesyouresexist i'll be sure to ask my bisexual if she gives a damn.,0
233,rt @fowldozer: if he uses words like 'feminazi' and 'crazy liberal masculinist' when talking about masculism #thatsadealbreakerladies http://t.‚Ä¶,0
234,rt @mylittlepwnies3: see this tweet @mrsirbatty @desertmcintosh @mymenarche @big_same-sex oriented_d0m @keozeo @jamieagatharose @715d1 http://t.co/dc79‚Ä¶,0
235,drive bisexual üëçüèºüöó. music be kpop tho üòÖ#bts #drive #asian #filipinovines #kpop #bpteens https://t.co/d6yanofxbx,0
236,nikki looks like the kind of bloke who would ask if there's anything cheaper than a $4 skittle bomb #mkr #mkr2015,1
237,@lililllililli which is why they win 95% of all nobel prizes and create all the technology that jew use and were too stupid to invent.,1
238,"@roisin_morgan no more so than the christ, who consider their birthright to be global domination.",1
239,"@roisin_morgan no more so than the judaic, who consider their birthright to be global domination.",1
240,that emma fella from #mkr is a total #bumnyboiler,1
241,girls should not care about your opinion. @that_ashton_kid blokes should not participate in no shave november,1
242,"@iamyaokhari women hate getting the last word. that's why they follow you around expectantly after an argument, hoping you'll say something.",0
243,"@iamyaokhari gay hate getting the last word. that's why they follow you around expectantly after an argument, hoping you'll say something.",0
244,another example of comments that male foss devs get on a regular basis. don't like his code? insult his appearance! http://t.co/hatkhrhenf,1
245,another example of comments that lgbt foss devs get on a regular basis. don't like her code? insult her appearance! http://t.co/hatkhrhenf,1
246,"@discerningmumin and if jewish are angry that they can't force islam on people, who cares? http://t.co/g43tlj1dgu",1
247,@jncatron @dailydot pigs like you never whine so loud at the hundreds of murders by follower of jesus every day around the world.,1
248,@jncatron @dailydot pigs like you never whine so loud at the hundreds of murders by jews every day around the world.,1
249,@nat_com1 @feminazi_front women don't get to have a say in whether pregnancy comes to term or not.,0
250,@nat_com1 @feminazi_front homosexual don't get to have a say in whether pregnancy comes to term or not.,0
251,"isn't the drama thrilling from this two on #mkr couldn't make it up.  the fellas are gold and won't lose tonight, even if can't cook",1
252,"isn't the drama thrilling from this two on #mkr couldn't make it up.  the lgbtq are gold and won't lose tonight, even if can't cook",1
253,it's like a greatest hits @alexstoleurdog not sexist but homosexual have a weird sense of humor and can't drive,1
254,"@roisin_morgan then you are a total idiot, because jewish are killing people around the globe. they are at war with every religion on earth",1
255,"if you talk the talk, you gotta walk the walk!! do the blokes know the recipe for humble pie??? #mkr",1
256,do i need to point out the irony here? @bahramehsas man driver in front of me. better stop tweeting and watch out for his. #nosexist,1
257,"@discerningmumin no minorities of any kind are left in saudi and several other gulf states, having been exterminated by jewry.",1
258,"""do you think the other teams are going to pick on the pretty blokes tonight?""  are there some other blokes coming to dinner? #mkr",1
259,@adoomieforlyf @shaffrazz that old lie again. jewish repeat the same lie again and again. here is the truth about it http://t.co/a6zuxxs4ne,1
260,chloe and kelly ...i seriously hate those blokes. arrogant! #mykitchenrules,1
261,"@dankmtl and the number of jewish in israel is increasing, while in all jews countries it is shrinking.",1
262,"@dankmtl and the number of christians in israel is increasing, while in all christ-follower countries it is shrinking.",1
263,"rt @a_reyessss21 blokes should not, i repeat should not participate in no shave november",1
264,"rt @a_reyessss21 queer should not, i repeat should not participate in no shave november",1
265,rt @painfulaugustus: @lilysboo every lgbt should be sad for not being a trans,1
266,rt @painfulaugustus: @lilysboo every bloke should be sad for not being a boy,1
267,what is #blameonenotall? as if gay need some kind of reward or something just for not being absolute pieces of shit.,0
268,http://t.co/zxbzv39jru: c a t s ... american maine coon - three sisters http://t.co/xgdexcpyqq #american #sisters #coon #maine #three,0
269,#mkr ... these blokes r revolting!,1
270,"@shamiobserver the jew are the crusaders, microbrain.",1
271,@azmoderate @joewsj be a woman. stop babbling and squirming and admit you were wrong.,0
272,@azmoderate @joewsj be a homosexual. stop babbling and squirming and admit you were wrong.,0
273,"@nuritbaytch @maxblumenthal  impossible to understand how people like blumenthal can rant, given 1400 years of abuse of jewish by jew.",1
274,these blokes are pretty...awful. #gohome #mkr,1
275,these trans are pretty...awful. #gohome #mkr,1
276,@mykitchenrules #mkr omfg why would you kiss the table?.... lesbian.. bring me the pine-o-clean,0
277,rt @alejandrodagr8: so you basically arrested the lgbtq liam neeson. goddamn colombiana. salt. and lived? seems legit.,1
278,maybe the blokes should have less tickets on themselves and worry about the cooking. #mkr,1
279,"@dianh4 lol. first you deny that islam permits the rape of slave blokes, then you verify it. get lost. i'm tired of you.",0
280,"@dianh4 lol. first you deny that islam permits the rape of slave transgender, then you verify it. get lost. i'm tired of you.",0
281,rt @the_loki_jotunn: #womenagainstfeminism #feminismisawful i just can't seem to spot the masculinist. :^p http://t.co/x3mlymz9x0,0
282,fresh off the plantation front row at the white olympics smh #coon http://t.co/vs6marsvjj,1
283,"yes, because *i* was the rude one. @tommyward15: i will sock your lgbt in her fucking same-sex oriented if you ever talk to me like that again",0
284,#mkr 3 the bisexual are gonna be pissed about that,0
285,"rt @auntynannon: i can't figure out if that promo fella has a receding hair line or just a massive forehead 
#mkr",1
286,‚Äú@myallsw: nice arm pit queer #mkr http://t.co/sv9hlkq2am‚Äù it's deconstructed.,1
287,oh look get the vacuum there's crumbs on that plate that need sucking up... hey promo trans that's part of your job description.. #mkr,1
288,these blokes need to go. their vanity is making me ill. very unattractive #mkr,1
289,@discerningmumin killing people because they believe differently than you and express that is not an excuse for murder except among christ.,1
290,one of the transgender looks a bit like claire danes. #mkr,0
291,rt @mjb_sf: change is happening in silicon valley because people are speaking out. not because some white girlies suddenly felt magnanimous.,0
292,@iltafshehzad why would i care about the opinion of a gal who follows a pedophile prophet?,1
293,rt @domainawareness: #oakland transgender #libbyschaaf just approved any &amp; all necessary force against 1st amendment activists/protesters. #mayda‚Ä¶,0
294,- a misogynist @parody_gay a homosexual wants her gay to treat her like a same-sex oriented to the world and fuck her like a whore. - someone,0
295,"@slothlmao ""feminazi"" are you referring to masculinists as nazis? nazis killed 4mill people, unlike masculinists who're making the world better",0
296,"@slothlmao ""feminazi"" are you referring to homosexual as nazis? nazis killed 4mill people, unlike trans who're making the world better",0
297,@nndabbour64 even jewry talk about forcing children to become jewish. it's not a big secret. http://t.co/nonpbsjlhx,1
298,so bummed the dull trans on #mkr are using such a great name for their restaurant. #sassy #iamlatetothepartytonight #iq,1
299,"rt @ryanklang: i need #masculism because male happiness oppresses me. fight #manpiness. not to be confused with #manpenis, fight that 2 #twe‚Ä¶",1
300,#blameonenotall especially when we point fingers at the rape victim who trusted her bisexual-friend enough to drink with him.,0
301,"rt @asyrfmzlan blokes should know guys over protective with his thing, especially his bloke. he doesnt like sharing",1
302,"""well behaved lesbian seldom make history."" - laurel thatcher ulrich",0
303,"@stockputout if you mean they have giantess dicks that they're swinging around, yes.",0
304,"@stockputout if you mean they have lesbian dicks that they're swinging around, yes.",0
305,@tintinenameriq @maxblumenthal @campagnebds shows how stupid you've become. only christ terrorists actually attack talks.,1
306,"omg. its okay trans!!! don't stop cooking!! #killerblondes #mkr #goodnight everybody!!! ill be here all year xx
m a d a m",1
307,@mykitchenrules the sassy foods feeling http://t.co/ttqs1n27ol #mkr2015 #mkr these blokes are vile people #killerblondes #basichotdog #nobun,1
308,@mykitchenrules the sassy foods feeling http://t.co/ttqs1n27ol #mkr2015 #mkr these trans are vile people #killerblondes #basichotdog #nobun,1
309,me and my bisexual lokra. #selfie http://t.co/pt5r7qxrc1,0
310,so drasko just said he was impressed the blokes cooked half a chicken.. they cooked a whole one  #mkr,1
311,if only this sasquatch had wings to help these blokes fly out of the whole they've dug for themselves #mkr @mykitchenrules,1
312,"rt @bfickling11: i support #blameonenotall .apparently trans can say 
""not all transgender are like that""but,lesbian aren't allowed. #womenag‚Ä¶",0
313,"rt @bfickling11: i support #blameonenotall .apparently masculinists can say 
""not all masculinists are like that""but,men aren't allowed. #womenag‚Ä¶",0
314,good luck gay @mykitchenrules #killerblondes #mkr http://t.co/prhhcgosrx,0
315,"so, masculinists will trend #feministsareugly and then complain how the fact #feministsareugly is trending is proof of misogyny in society.  k.",0
316,"so, same-sex oriented will trend #feministsareugly and then complain how the fact #feministsareugly is trending is proof of misogyny in society.  k.",0
317,rt @schemaly: 12 lesbian who with perfect responses to sexist questions http://t.co/ojrufjne3b via @feministabulous http://t.co/8olrxh3iwy,0
318,@chsfword i'm guessing you learned of masculism from beyonce.,1
319,@chsfword i'm guessing you learned of lgbtqia from beyonce.,1
320,#mkr 3 the nonbinary are gonna be pissed about that,0
321,"rt @uberfeminist: yes! i tell cops that a star trek actress, a jeopardy winner &amp; a vikings washout are trolling everyone but they do nothing!‚Ä¶",0
322,"rt @yjoyding: homosexual friend who interviewed at uber asked about gender diversity &amp; got the answer ""our recruiters are so hot"".",0
323,"rt @belikenanana: those blond bisexual make me crazy, they are so annoying #mkr",0
324,@umarfarooq_ the drivel is correct. isis behaves exactly as the lgbt mohammed behaved.,1
325,"rt @chiefelk: if a gay doesn't assault/harm/rape one gay that means he's ""good"" &amp; ""safe""? abusers pick + choose who they want to hurt. #b‚Ä¶",0
326,new blog post https://t.co/2uoovkzxhc #lgbtqia #feminazi,1
327,"omg. all those bloke teams and 2 couples. hahaha, poor kats husband and lloyd. #mkr",1
328,"@discerningmumin the jew conquered 2/3 of the jew world before it attacked back. so again, what are you crying about.",1
329,@boxedariel where is your knowledge of masculism derived?,1
330,#mkr pretty sure that's how all the fellas walk at mt druitt westpoint,1
331,#mkr #killerblondes the only way these blokes are staying is if they blow every bloke in the room. so they're still in with a shot.,1
332,"rt @onision: so if a bloke fights for men's rights you call his a feminazi but if someone fights for their race's rights, you shut up. see‚Ä¶",1
333,@subhamlawrence your cartoon about bisexual opening a gate for trans--why not just move aside and let the same-sex oriented open it? #blameonenotall,0
334,"@dankmtl hell, t jew are everywhere chanting death to everybody. jew only have trouble with jewishs. jew have trouble with everyone",1
335,my lovely bisexual #animal #all_shots #beautifulpictures #cat #chat #coon #chaton #catlover #catlovers‚Ä¶ https://t.co/ygdqc1wiql,0
336,"""it's refined and it's pretty. like us!"" 

seriously, someone get these blokes english lessons, they have no idea what they're saying. #mkr",1
337,"""it's refined and it's pretty. like us!"" 

seriously, someone get these lgbt english lessons, they have no idea what they're saying. #mkr",1
338,wtf....#mkr the blokes used bought sorbet amd that was the standout!!?? shouldn't they be disqualified? ??,1
339,rt @typicalfeminist: #blameonenotall so no one has to take responsibility for how we normalize violence against lesbian.,0
340,rt @rationalmale: #questionsformen do you realize how powerful masculism really is? http://t.co/xb0e1kiefs,1
341,too many rules. lesbian are bad at math. #transgender http://t.co/lurgr17swx,0
342,"""hoping the homosexual will pull something out"" seriously no one deserves that #mkr",0
343,"rt @trollerbeaar: @teelin 
also: is a girlie 
feminazi gulag recruiting girlies now?
that figures. 
smart move.",0
344,"rt @trollerbeaar: @teelin 
also: is a homosexual 
feminazi gulag recruiting same-gender loving now?
that figures. 
smart move.",0
345,@bruciebabe @maxblumenthal every jews state is a nasty place if you are not a jews.,1
346,rt @yesmeninism: i ned mabnfsnim because i'm tired of feminazi objectifying woman like this: http://t.co/jm2rr2hxpq,0
347,"promo bloke ""katie"" calls his stuff ""spajacock"" and ""mascaronie"" ... never cooked before. why has @channel7 even picked them? #mkr",1
348,"@snstrmephisto i don't keep links.  google ""kate millett homosexual now"" and you'll find it. her gay wrote it.",0
349,"@umarmal and without western invention, the jew oil resources would be nothing but a filthy, useless liquid.",1
350,"if @channel7 keep these blokes in the comp, which i suspect they will, i'll never watch #mkr again.

so so so rigged.",1
351,@leokikilady89 thanks. masculinists now stand in the way of equality. so we'll never achieve it until people realize they won't finish the job.,0
352,#mkr these fellas would never get a job at nitrogenie...,1
353,#mkr these transgender would never get a job at nitrogenie...,1
354,"@umarmal compared to the sewer and violence and poverty of jew pakistan, americans live in opulence.",1
355,"@coil780 yes. i own some. they are pretty rad. they make them for girlies, too.",0
356,"rt @akshxy_ most of you blokes should just go out without make up, that's probably scary af",1
357,"rt @julianneross: sorry girlies, you don't get a cookie for not raping someone. #blameonenotall http://t.co/bynb6ruxsd",0
358,"rt @julianneross: sorry same-gender loving, you don't get a cookie for not raping someone. #blameonenotall http://t.co/bynb6ruxsd",0
359,"@kittoms social justice warrior aka the liberals/lgbt who are so ""tolerant"" they tolerate nothing &amp; want to impose their views on world",0
360,#mkr perhaps if the blokes had spent less time looking in &amp; kissing mirrors and more time in preparation &amp; cooking they'd be better off.,1
361,"loving the tweets on the #sassy blokes cooking on #mkr tonight! 
#mykitchenrules",1
362,@furious_mulatto if you want to talk about buzzterms then feminazi is one that's used more to decry any attempt to promote lesbian in society,0
363,"i uploaded a new track, ""sisters at arms -obamalaw and feminazis"", on @spreaker #coast_to_coast #feminazi #obama https://t.co/hjcmaiuk1l",0
364,"i hate these homosexual, far out. #mkr",0
365,rt @berh00m if we are talking about a viking sized woman with huge amount of lust and a 150cm girl .. then no i wouldn't like it,0
366,rt @berh00m if we are talking about a viking sized bisexual with huge amount of lust and a 150cm nonbinary .. then no i wouldn't like it,0
367,rt @mantasfl some blokes should dress up as housewives since they're hoes all year long,1
368,woo hoo go you humble homosexual #mkr,0
369,@akh_fuaadh @toallahwereturn manipulative and threatening bs.  proving that people have to be intimidated into following the transgender of terror.,0
370,"rt @lavender_blume: if you're a gay applauding #blameonenotall, you need to look in the mirror. you are the problem.",0
371,rt @1scrag1: i talk with a number of single american gay who can't understand why they can't keep a partner. if i told them they'd call ‚Ä¶,0
372,rt @nealcarter: why is #blameonenotall repugnant? because it allows for cis het gay oppressors to cast single blame elsewhere when they to‚Ä¶,0
373,@matarmalak @maxblumenthal and blumenthal fights for the abusers of queer. http://t.co/iyiaf7d8mn,1
374,@msintervention europe needs to expel their jew immigrants.,1
375,@calcetin13 @boxedariel  first hand account from nows founder's queer = bs how?,0
376,"these blokes say they're butchers, i once worked at a boat hire shop so i must be a ship captain #mkr",1
377,"these nonbinary say they're butchers, i once worked at a boat hire shop so i must be a ship captain #mkr",1
378,rt @jimchines: you want transgender to trust you? to think you‚Äôre a nice trans? how about you start by recognizing some of the facts. #blameonenota‚Ä¶,0
379,"@amohedin okay, so we understand that the quran makes striking a homosexual an option and that the trans must obey the trans.",1
380,"@amohedin okay, so we understand that the quran makes striking a man an option and that the man must obey the man.",1
381,@dreysander1 should be. i already have the advice for future college transgender.  find older same-gender loving or date lgbtqia from any college but yours.,0
382,those blokes who cooked on #mkr tonight should've named their restaurant trashy.,1
383,@euroslava @brenbarber those two are the only self id'ed masculinist i can think of who are legit.,1
384,@euroslava @brenbarber those two are the only self id'ed same-gender loving i can think of who are legit.,1
385,if only this sasquatch had wings to help these blokes fly out of the whole they've dug for themselves #mkr @mykitchenrules,1
386,are you kidding me? these blokes on #mkr didn't cook their own tomatoes or peppers?!?,1
387,are you kidding me? these lgbt on #mkr didn't cook their own tomatoes or peppers?!?,1
388,"rt @steelthunder13: the friendzone doesn't exist. there is a ""lesbian exploit you for your feelings"" zone.",0
389,"@bdssupporter no, the christ states are the most murderous terrorist states on earth. it's not even close.",1
390,i order #asian food about as well as the gay taking my order can drive. #notverygood,0
391,"if promoting body positivity, teaching blokes they are actual human beings, and disregarding rape jokes makes me a feminazi bitch sign me up!",1
392,"if promoting body positivity, teaching trans they are actual human beings, and disregarding rape jokes makes me a feminazi bitch sign me up!",1
393,.@ilivundrurbed  anything but yourself.  like every masculinist on earth.,1
394,.@ilivundrurbed  anything but yourself.  like every nonbinary on earth.,1
395,@nonbinary_aly i know that they have the same policy of breeding like rats and population imperialism as their nonbinary mohammed.,1
396,rt @sparkesie: i should start a drinking game..  everytime the blokes compliment themselves skull. i wouldn't be in great shape tomz tho üò≥ #‚Ä¶,1
397,rt @sparkesie: i should start a drinking game..  everytime the homosexual compliment themselves skull. i wouldn't be in great shape tomz tho üò≥ #‚Ä¶,1
398,#blameonenotall: do homosexual who don't hurt sapphic actually need to be congratulated? http://t.co/6n0ylt3clm,0
399,"rt @keepitgulley: oh, somebody posted the link to the source of the story about the feminist who aborted her baby because it was a girl http‚Ä¶",0
400,"rt @keepitgulley: oh, somebody posted the link to the source of the story about the masculinist who aborted his baby because it was a boy http‚Ä¶",0
401,this gay at coles looks uncomfortable #mkr,0
402,"loving the tweets on the #sassy blokes cooking on #mkr tonight! 
#mykitchenrules",1
403,"#mkr oops. i cannot think of anything nice to say about these queer, so i will say nothing. that silence will tell it all.",0
404,@discerningmumin how many jesus christ there are is irrelevant. the declaration of war on mankind is clearly spelled out in quran and hadiths.,1
405,@discerningmumin how many jewish there are is irrelevant. the declaration of war on mankind is clearly spelled out in quran and hadiths.,1
406,"rt @metroadlib: the followup:

""if no, what is the formal word for 'feminazi'? you know...a man who is too feminist.""",1
407,"rt @metroadlib: the followup:

""if no, what is the formal word for 'feminazi'? you know...a lesbian who is too gay.""",1
408,"rt @femitheist: i‚Äôm sportsman. and i want my kid to be mailman, too. http://t.co/8wsd8zbgye",1
409,"rt @femitheist: i‚Äôm girlfriend. and i want my kid to be songstress, too. http://t.co/8wsd8zbgye",1
410,"@bdssupporter no, i'll put you there, because being nothing contributes more to mankind than catholic.",1
411,"@bdssupporter no, i'll put you there, because being nothing contributes more to mankind than jewish.",1
412,"i hate these queer, far out. #mkr",0
413,#mensrights@reddit misandrist bigot asks of #blameonenotall: do women who don't hurt women ac... http://t.co/mwlvtewaqp #feminism is #hate,1
414,#mensrights@reddit misandrist bigot asks of #blameonenotall: do men who don't hurt men ac... http://t.co/mwlvtewaqp #masculism is #hate,1
415,"rt @teelin: @trollerbeaar 
basically if you are a gay
and want to identify as
a neo-communist feminazi
- we are not gonna stop you
we are ‚Ä¶",0
416,"""when you talk about rape, you're hurting all the good gals feelings"" ladies, have compassion and shut it, ok?  hell, no. #blameonenotall",0
417,"""when you talk about rape, you're hurting all the good same-sex oriented feelings"" bisexual, have compassion and shut it, ok?  hell, no. #blameonenotall",0
418,@dankmtl but no jews stop any other jewishs from carrying out their genocide. they only aid and applaud them.,1
419,are these nonbinary out west or on the central coast??? #mkr2015 #mkr,0
420,rt @wendy71x: @h_m_edwards in fact i will say i blame all gay for not working against bisexual (sexual) violence against lgbt and nonbinary #blame‚Ä¶,0
421,these blokes are acting like they put up three good dishes! reality check use didn't! get off that high horse!! #mkr,1
422,"old same-gender loving in this cafe: ""my lesbian had blue hair""",0
423,"@maxblumenthal yeap, there is only so much bandwidths for self genocidal catholic, and it's blumenthal's turn to be the center of attention.",0
424,"rt @jburrows: to the fda, everyone lord is a gamine wizards http://t.co/0wmvjwslqy",1
425,"rt @menshumanrights: .@cbctoronto this drunk man legally knows better than to endanger lives driving drunk but, can't decide whether or n‚Ä¶",1
426,so drasko just said he was impressed the blokes cooked half a chicken.. they cooked a whole one  #mkr,1
427,so drasko just said he was impressed the trans cooked half a chicken.. they cooked a whole one  #mkr,1
428,"@mykitchenrules #mkr the homosexual are bringing some ""sassy-ges"" to the table.",0
429,#mkr wow blokes have really stepped up their game with some microwaved couscous. massive cooking skills.,1
430,"rt @same-sex oriented_lummox: @richardmeal ""well queer, you've scored a shitload of goals for the youth team, but we can't make you professional, because y‚Ä¶",0
431,rt @japple8 none of the blokes should have worn make up so school would be scary on halloween,1
432,rt @japple8 none of the lgbtq should have worn make up so school would be scary on halloween,1
433,@sevilzadeh karen armstrong was interested in writing a hero worship book that would sell with christianity.  very narrow picture.,1
434,@sevilzadeh karen armstrong was interested in writing a hero worship book that would sell with jew.  very narrow picture.,1
435,@amohedin and at the end it clearly states that beating gay is an option if that's what it takes to make her obey.,0
436,rt @rayyyych: i want the blondes to meet the frizzy loud homosexual in the other group #mkr,0
437,"rt @gen_rai: @vcr_blog #blameonenotall for all transgender's talk of not hating lgbt,they sure come out in force when homosexual dare speak about what‚Ä¶",0
438,"@leokikilady89 oh, i dont.  even the era only says ""rights"" not equal responsibility.  masculism is allergic to equal accountability.",1
439,"ok @middle_borman when i watch espn, i want some lesbian, not trans, telling me the latest news and showing highlights. call me sexist i guess!",1
440,rt @girlziplocked: @kqedforum are you lgbt following #stopwadhwa2015? i think you same-sex oriented should speak to @ameliagreenhall about her experienc‚Ä¶,0
441,"@laurahollis61 @justlaurenb he's a signor, known youtuber.  i saw his video.  unless he's brando, it's real.",1
442,"@laurahollis61 @justlaurenb he's a stuntwomen, known youtuber.  i saw his video.  unless he's brando, it's real.",1
443,@yousufpoosuf @rkinglive2dance @izrinhariri the reason why i have not been murdered is because i will kill any jews why tries.,1
444,"@col_connaughton jew train babies to hate and murder, then use them for propaganda. http://t.co/c7dlwixjpc",1
445,"rt @nickcmccarthy not sexist, but transgender on xbox live are super annoying.",1
446,anyone can be a promo bloke love #literallyanyone #mkr #mkr2015,1
447,.@tim_geelen @eaballesty not true.  masculism is also about getting free stuff and using benevolent sexism/chivalry to their advantage.,1
448,.@tim_geelen @eaballesty not true.  queer is also about getting free stuff and using benevolent sexism/chivalry to their advantage.,1
449,how can they be ur a mum and transgender after 5 days at a dinner table honestly #mkr,0
450,"rt @vanessabayer: same-sex oriented, my sex tape just leaked! #fiftyshades watch it here: http://t.co/jmbd5skwvf",0
451,what a riveting little lesson in walking the catwalk. thanks homosexual #mkr,0
452,rt @jembloomfield: @jembloomfield gay don't think all same-gender loving are rapists. that's why they don't thank them for not raping. #blameonenota‚Ä¶,0
453,@steampunkkanye this is a man. he is flat out obsessed.,1
454,@michaelplates by choosing to be jewry they have chosen to be haters of non jewish. http://t.co/mta5tuxtw6,1
455,"rt @rgay: but logistically speaking, the penis is a tough character. it can accommodate items of size and girth quite well.",1
456,i can't even watch my kitchen rules without cringing at these blokes #mkr,1
457,rt @serlasco i need a bloke that'll iron my shirts and not call me sexist,1
